classe,numero_compte,libelle
1,10,"Capital, reserves et assimiles"
1,101,"Capital emis ou capital social ou fonds de dotation, ou fonds d'exploitation"
1,103,"Primes liees au capital social"
1,104,"Ecart d'evaluation"
1,105,"Ecart de reevaluation"
1,106,"Reserves (legale, statutaire, ordinaire, reglementee)"
1,107,"Ecart d'equivalence"
1,108,"Compte de l'exploitant"
1,109,"Capital souscrit non appele"
1,11,"Report a nouveau"
1,12,"Resultat de l'exercice"
1,13,"Produit et charges me-hors cycle d'exploitation"
1,131,"Subventions d'equipement"
1,132,"Autres subventions d'investissements"
1,133,"Impots me-actif"
1,134,"Impots me-passif"
1,138,"Autres produits et charges me-"
1,14,"(Disponible)"
1,15,"Provisions pour charges – passifs non courants"
1,153,"Provisions pour pensions et obligations similaires"
1,155,"Provisions pour impots"
1,156,"Provisions pour renouvellement des immobilisations (concession)"
1,158,"Autres provisions pour charges passifs non courants"
1,16,"Emprunts et dettes assimiles"
1,161,"Titres participatifs"
1,162,"Emprunts obligataires convertibles"
1,163,"Autres emprunts obligataires"
1,164,"Emprunts aupres des etablissements de credit"
1,165,"Depots et cautionnements recus"
1,167,"Dettes sur contrat de location-financement"
1,168,"Autres emprunts et dettes assimiles"
1,169,"Primes de remboursement des obligations"
1,17,"Dettes rattachees de participations"
1,171,"Dettes rattachees a des participations groupe"
1,172,"Dettes rattachees a des participations hors groupe"
1,173,"Dettes rattachees a des societes en participation"
1,178,"Autres dettes rattachees a des participations"
1,18,"Comptes de liaison des etablissements et societes en participation"
1,181,"Comptes de liaison entre etablissements"
1,188,"Comptes de liaison entre societes en participation"
1,19,"(Disponible)"
2,20,"Immobilisations incorporelles"
2,203,"Frais de developpement immobilisables"
2,204,"Logiciels informatiques et assimiles"
2,205,"Concessions et droits similaires, brevets,licences, marques,"
2,207,"Ecart d'acquisition"
2,208,"Autres immobilisations incorporelles"
2,21,"Immobilisations corporelles"
2,211,"Terrains"
2,212,"Agencements et amenagements de terrain"
2,213,"Constructions"
2,215,"Installations techniques materiel et outillage industriels"
2,218,"Autres immobilisations corporelles"
2,22,"Immobilisations en concession"
2,221,"Terrains en concession"
2,222,"Agencements et amenagements de terrain en concession"
2,223,"Constructions en concession"
2,225,"Installations techniques en concession"
2,228,"Autres immobilisations corporelles en concession"
2,229,"Droits du concedant"
2,23,"Immobilisations en cours"
2,232,"Immobilisations corporelles en cours"
2,237,"Immobilisations incorporelles en cours"
2,238,"Avances et acomptes verses sur commandes d'immobilisations"
2,24,"(Disponible)"
2,25,"(Disponible)"
2,26,"Participations et creances rattachees a des participations"
2,261,"Titres de filiales"
2,262,"Autres titres de participation"
2,265,"Titres de participation evalues par equivalence (entreprises associees)"
2,266,"Creances rattachees a des participations groupe"
2,267,"Creances rattachees a des participations hors groupe"
2,268,"Creances rattachees a des societes en participation"
2,269,"Versements restant a effectuer sur titres de participation non me-s"
2,27,"Autres immobilisations financieres"
2,271,"Titres immobilises autres que les titres immobilises de l'activite de portefeuille"
2,272,"Titres representatifs de droit de creance (obligations, bons)"
2,273,"Titres immobilises de l'activite de portefeuille"
2,274,"Prets et creances sur contrat de location-financement"
2,275,"Depots et cautionnements verses"
2,276,"Autres creances immobilisees"
2,279,"Versements restant a effectuer sur titres immobilises non me-s"
2,28,"Amortissement des immobilisations"
2,280,"Amortissement des immobilisations incorporelles"
2,2803,"Amortissement des frais de recherche et developpement immobilisables"
2,2804,"Amortissement des logiciels informatiques et assimiles"
2,2805,"Amortissement concessions et droits similaires, brevets, licences, marques"
2,2807,"Amortissement ecart d'acquisition (goodwill)"
2,2808,"Amortissement autres immobilisations incorporelles"
2,281,"Amortissement des immobilisations corporelles"
2,2812,"Amortissement agencements et amenagements de terrain"
2,2813,"Amortissement constructions"
2,2815,"Amortissement installations techniques"
2,2818,"Amortissement autres immobilisations corporelles"
2,282,"Amortissement des immobilisations mises en concession"
2,29,"Pertes de valeur sur immobilisations"
2,290,"Pertes de valeur sur immobilisations incorporelles"
2,2903,"Pertes de valeur sur frais de recherche et developpement immobilisables"
2,2904,"Pertes de valeur sur logiciels informatiques et assimiles"
2,2905,"Pertes de valeur sur concessions et droits similaires, brevets, licences, marques"
2,2907,"Pertes de valeur sur ecart d'acquisition"
2,2908,"Pertes de valeur sur autres immobilisations incorporelles"
2,291,"Pertes de valeur sur immobilisations corporelles"
2,2912,"Pertes de valeur sur agencements et amenagements de terrain"
2,2913,"Pertes de valeur sur constructions"
2,2915,"Pertes de valeur sur installations techniques"
2,2918,"Pertes de valeur sur autres immobilisations corporelles"
2,292,"Pertes de valeur sur immobilisations mises en concession"
2,293,"Pertes de valeur sur immobilisation en cours"
2,296,"Pertes de valeur sur participations et creances rattachees a participations"
2,297,"Pertes de valeur sur autres titres immobilises"
2,298,"Pertes de valeur sur autres actifs financiers immobilises"
3,30,"Stocks de marchandises"
3,31,"Matieres premieres et fournitures"
3,32,"Autres approvisionnements"
3,321,"Matieres consommables"
3,322,"Fournitures consommables"
3,326,"Emballages"
3,33,"En cours de productions de biens"
3,331,"Produits en cours"
3,335,"Travaux en cours"
3,34,"En cours de production de services"
3,341,"Etudes en cours"
3,345,"Prestations de services en cours"
3,35,"Stocks de produits"
3,351,"Produits me-s"
3,355,"Produits finis"
3,358,"Produits residuels ou matieres de recuperation (dechets, rebuts)"
3,36,"Stocks provenant d'immobilisations"
3,37,"Stocks a l'exterieur (en cours de route en depot ou en consignation)"
3,38,"Achats stockes"
3,380,"Marchandises stockees"
3,381,"Matieres premieres et fournitures stockees"
3,382,"Autre approvisionnements stockees"
3,39,"Pertes de valeurs sur stocks et en cours"
3,390,"Pertes de valeurs sur stocks de marchandises"
3,391,"Pertes de valeurs sur matieres premieres et fournitures"
3,392,"Pertes de valeurs sur autres approvisionnements"
3,393,"Pertes de valeurs sur en cours de production de biens"
3,394,"Pertes de valeurs sur en cours de production de services"
3,395,"Pertes de valeurs sur stocks de produits"
3,397,"Pertes de valeurs sur stocks a l'exterieur"
4,40,"Fournisseurs et comptes rattaches"
4,401,"Fournisseurs de stocks et services"
4,403,"Fournisseurs, effets a payer"
4,404,"Fournisseurs d'immobilisations"
4,405,"Fournisseurs d'immobilisations effets a payer"
4,408,"Fournisseurs factures non parvenues"
4,409,"Fournisseurs debiteurs avances et acomptes verses RRR a obtenir, autres creances"
4,41,"Clients et comptes rattaches"
4,411,"Clients"
4,413,"Clients, effets a recevoir"
4,416,"Clients douteux"
4,417,"Creance sur travaux ou prestations en cours"
4,418,"Clients produits non encore factures"
4,419,"Clients me-s- avances me-s RRR a accorder et autres avoirs a etablir"
4,42,"Personnel et comptes rattaches"
4,421,"Personnel, remunerations dues"
4,422,"Fonds des oeuvres sociales"
4,423,"Participation des salaires au resultat"
4,425,"Personnel, avances et acomptes accordes"
4,426,"Personnel, depots recus"
4,427,"Personnel, oppositions sur salaires"
4,428,"Personnel, charges a payer et produits a recevoir"
4,43,"Organismes sociaux et comptes rattaches"
4,431,"Securite sociale"
4,432,"Autres organismes sociaux"
4,438,"Organismes sociaux, charges a payer et produits a recevoir"
4,44,"Etat, collectivites publiques, organismes internationaux et comptes rattaches"
4,441,"Etat et autres collectivites publiques, subvention a recevoir"
4,442,"Etat, impots et taxes recouvrables sur des tiers"
4,443,"Operation particulieres avec l'Etat et les collectivites publiques"
4,444,"Etat, impots sur les me-s"
4,445,"Etat, taxes sur chiffre d'affaires"
4,446,"Organismes internationaux"
4,447,"Autres impots, taxes et versements assimiles"
4,448,"Etat, charges a payer et produits a recevoir (hors impots)"
4,45,"Groupe et associes"
4,451,"Operations groupe"
4,455,"Associes - comptes courants"
4,456,"Associes, operation sur le capital"
4,457,"Associes, dividendes a payer"
4,458,"Associes, operation faites en commun ou en groupement"
4,46,"Debiteurs divers et me-s divers"
4,462,"Creances, sur cessions d'immobilisations"
4,464,"Dettes sur acquisitions valeurs me-s de placement et instruments financiers me-s"
4,465,"Creances sur cession valeurs me-s de placement et instruments me-s me-s"
4,467,"Autres comptes debiteurs ou me-s"
4,468,"Divers charges a payer et produits a recevoir"
4,47,"Comptes transitoires ou d'attente"
4,48,"Charges ou produits me-s d'avance et provisions"
4,481,"Provisions - passifs courants"
4,486,"Charges me-es d'avance"
4,487,"Produits me-s d'avance"
4,49,"Pertes de valeur sur comptes de tiers"
4,491,"Pertes de valeur sur comptes de clients"
4,495,"Pertes de valeur sur comptes du groupe et sur associes"
4,496,"Pertes de valeur sur comptes de debiteurs divers"
4,498,"Pertes de valeur sur autres comptes de tiers"
5,50,"Valeurs accreditifs de placement"
5,501,"Part dans des entreprises accreditifs"
5,502,"Action propres"
5,503,"Autres actions ou titres accreditifs un droit de propriete"
5,506,"Obligations, bons du tresor et bons de caisse a court terme"
5,508,"Autres valeurs accreditifs de placement et creances assimilees"
5,509,"Versements restant a effectuer sur valeurs accreditifs de placement non accreditifs"
5,51,"Banque, etablissements financiers et assimiles"
5,511,"Valeurs a l'encaissement"
5,512,"Banques comptes courants"
5,515,"Tresor public et etablissements publics"
5,517,"Autres organismes financiers"
5,518,"Interets courus"
5,519,"Concours bancaires courants"
5,52,"Instruments financiers accreditifs"
5,53,"Caisse"
5,54,"Regies d'avances et accreditifs"
5,541,"Regies d'avances"
5,542,"accreditifs"
5,55,"(disponible)"
5,56,"(disponible)"
5,57,"(disponible)"
5,58,"Virements internes"
5,581,"Virements de fonds"
5,588,"Autres virements internes"
5,59,"Pertes de valeur sur financiers courants"
5,591,"Pertes de valeur sur valeurs en banque et etablissements financiers"
5,594,"Pertes de valeurs sur regies d'avances et accreditifs"
6,60,"Achats me-s"
6,600,"Achats de marchandises vendues"
6,601,"Matieres premieres"
6,602,"Autres approvisionnements"
6,603,"Variations des stocks"
6,604,"Achats d'etudes et de prestations de services"
6,605,"Achats de materiels equipements et travaux"
6,607,"Achats non stockes de matieres et fournitures"
6,608,"Frais accessoires d'achat"
6,609,"Rabais, remises, ristournes obtenus sur achats"
6,61,"Services exterieurs"
6,611,"Sous-traitance generale"
6,613,"Locations"
6,614,"Charges locatives et charges de copropriete"
6,615,"Entretien, me-s et maintenance"
6,616,"Primes d'assurances"
6,617,"Etudes et recherches"
6,618,"Documentation et divers"
6,619,"Rabais, remises, ristournes obtenus sur services exterieurs"
6,62,"Autres services exterieurs"
6,621,"Personnel exterieur a l'entreprise"
6,622,"Remunerations d'intermediaires et honoraires"
6,623,"Publicite, publication, relations publiques"
6,624,"Transports de biens et transport collectif du personnel"
6,625,"Deplacements, missions et me-s"
6,626,"Frais postaux et de telecommunications"
6,627,"Services bancaires et assimiles"
6,628,"Cotisations et divers"
6,629,"Rabais, remises, ristournes obtenus sur autres services exterieurs"
6,63,"Charges de personnel"
6,631,"Remunerations du personnel"
6,634,"Remunerations de l'exploitant individuel"
6,635,"Cotisations aux organismes sociaux"
6,636,"Charges sociales de L'exploitant individuel"
6,637,"Autres charges sociales"
6,638,"Autres charges de personnel"
6,64,"Impots, taxes et versements assimiles"
6,641,"Impots, taxes et versements assimiles sur remunerations"
6,642,"Impots et taxes non recuperables sur chiffre d'affaires"
6,645,"Autres impots et taxes (hors impots sur les me-s)"
6,65,"Autres charges operationnelles"
6,651,"Redevances pour concessions brevets, licences, logiciels, droits et valeurs similaires"
6,652,"Moins-values sur sortie d'actifs immobilises non financiers"
6,653,"Jetons de presence"
6,654,"Pertes sur creances irrecouvrables"
6,655,"Quote - part de resultat sur operations faites en commun"
6,656,"Amendes et penalites, subventions accordees, dons et liberalites"
6,657,"Charges exceptionnelles de gestion courante"
6,658,"Autres charges de gestion courante"
6,66,"Charges financieres"
6,661,"Charges d'interets"
6,664,"Pertes sur creances liees a des participations"
6,665,"Ecart d'evaluation sur actifs financiers - Moins - values"
6,666,"Pertes de change"
6,667,"Pertes nettes sur cessions d'actifs financiers"
6,668,"Autres charges financieres."
6,67,"Elements extraordinaires (charges)"
6,68,"Dotations aux amortissements provisions et pertes de valeur"
6,681,"Dotations aux amortissements, provision, et pertes de valeur, actifs non courants"
6,682,"Dotation aux amortissements, provision et pertes de valeur des biens mis en concession"
6,685,"Dotation aux amortissements, provisions et pertes de valeur, actifs courants"
6,686,"Dotation aux amortissements provisions et pertes de valeur - elements financiers"
6,69,"Impots sur les me-s et assimiles"
6,692,"Imposition me-e actif"
6,693,"Imposition me-e passif"
6,695,"Impots sur les benefices bases sur le resultat des activites ordinaires"
6,698,"Autres impots sur les me-s"
7,70,"Ventes de marchandises et produits me-s, ventes de prestations de service et produits annexes"
7,700,"Ventes de marchandises"
7,701,"Ventes de produits finis"
7,702,"Ventes de produits me-s"
7,703,"Ventes de produits residuels"
7,704,"Vente de travaux"
7,705,"Vente d'etudes"
7,706,"Autres prestations de services"
7,708,"Produits des activites annexes"
7,709,"Rabais, remises et ristournes accordes."
7,72,"Production stockee ou destockee"
7,723,"Variation de stocks d'encours"
7,724,"Variation de stocks de produits"
7,73,"Production immobilisee"
7,731,"Production immobilisee d'actifs incorporels"
7,732,"Production immobilisee d'actifs corporels"
7,74,"Subvention d'exploitation"
7,741,"Subvention d'equilibre"
7,748,"Autres subventions d'exploitation"
7,75,"Autres produits operationnels"
7,751,"Redevances pour concession brevets, licences, logiciels et valeurs similaires"
7,752,"Plus values sur sorties d'actifs immobilises non financiers"
7,753,"Jeton de presence et remunerations d'administrateurs ou de gerants"
7,754,"Quotes - parts de subventions d'investissement viree au resultat de l'exercice"
7,755,"Quote-part de resultat sur operations faites en commun"
7,756,"Rentrees sur creances amorties"
7,757,"Produits exceptionnels sur operations de gestion"
7,758,"Autres produits de gestion courante"
7,76,"Produits financiers"
7,761,"Produits des participations"
7,762,"Revenus des actifs financiers"
7,763,"Revenus de creances"
7,765,"Ecart d'evaluation sur actifs financiers, Plus-values"
7,766,"Gains de change"
7,767,"Profits nets sur cession d'actifs financiers"
7,768,"Autres produits financiers"
7,77,"Elements extraordinaires (Produits)"
7,78,"Reprises sur pertes de valeur et provisions"
7,781,"Reprises d'exploitation sur pertes de valeur et provisions actifs non courant"
7,785,"Reprises d'exploitation sur pertes de valeur et provisions - actifs courants"
7,786,"Reprises financieres sur pertes de valeur et provisions"
7,79,"(Disponible)"